"S","E","I","R"
1.00354413001694,0.0133715052085533,0.0109498235915476,-0.027865458817045
0.997369073988135,0.00317548092672174,0.00702683614917129,-0.00757139106402837
1.00366667775411,-0.00545636842250901,0.00030377735774275,0.0014859133106544
0.993977014676608,-0.00148884948123991,0.00529702874095265,0.00221480606367939
1.00026988780059,0.0114738885654922,0.00613658193176096,-0.0178803582978386
0.995605836556649,0.00815384799083877,-0.00119518644909492,-0.00256449809839273
0.987838746351177,-0.000213601354168355,-0.00606128592427474,0.0184361409272664
0.996614196536889,0.00814498801037061,-0.000530193086776247,-0.00422899146048283
0.99447299108806,0.00262069532900509,0.00464740692878346,-0.00174109334584895
0.993309348795612,0.00382848803393295,0.00390087264028997,-0.00103870946983514
1.0020267630983,-0.000580004789344093,9.37271210660205e-05,-0.00154048543002224
1.00148682576328,-0.00532803486606515,0.00013181150398619,0.00370939759880019
0.996216443269319,0.0035213413678276,0.00210442238614552,-0.00184220702329205
0.992265265507025,0.0134056920577905,-0.00922809250344149,0.00355713493862581
0.981862612645794,-0.00178622795514539,0.00055213844099572,0.0193714768683562
1.00201897174291,0.00138508360590227,-0.00152762220274876,-0.00187643314605877
0.999622276192969,0.00361704801396261,-0.000695472008075014,-0.00254385219885667
0.99165601067588,0.000106279181831784,0.0071443484862124,0.00109336165607597
0.992010859185357,-0.00261837579730622,0.00556549285458891,0.00504202375735991
1.00157615248844,-0.0059524355554206,0.00117024711600717,0.00320603595097111
0.995603057610253,0.0088149335303088,0.00778599294513978,-0.0122039840857016
0.99152307910202,-0.0035085520166271,-0.00492977828775922,0.0169152512023663
0.995338982710288,-0.000849628561909181,0.00177131678417638,0.00373932906744502
1.00404741954675,0.00694707142732378,-0.00186874745259806,-0.00912574352147937
0.989944035638224,0.00456905565112149,0.000748576632449772,0.00473833207820465
1.00051760733436,0.00180294808312976,0.00385788014399218,-0.00617843556148592
0.992978298685858,0.003841286066635,0.00381253877427751,-0.000632123526770227
0.992866613511134,0.00172848595436979,0.00709649730952104,-0.00169159677502473
0.993521715983573,0.00241668600363324,-0.00531579930416775,0.00937739731696229
0.991079867160557,8.04385065152841e-05,0.00119545014097076,0.00764424419195692
0.99293990304254,0.00334027910243751,0.00720727981597265,-0.00348746196094947
0.993652706457706,-0.00345936832896964,0.00556622524037967,0.00424043663088433
0.991793095781364,0.00500115675067392,0.00256608503885884,0.000639662429103546
0.991124664301815,-0.000503741192325539,0.00504018260958814,0.00433889428092278
0.991147158322236,0.0116840786277685,0.0156452105554594,-0.0184764475054631
0.985704321233816,-0.0109363977759546,-0.00274016875839794,0.0279722453005367
0.987281519074049,0.010833209933093,-0.00199095920529117,0.00387623019814946
0.984302615080665,0.00695234797850399,0.00632970380749765,0.00241533313333368
0.984951020930737,0.00559060259654195,0.00443716973235537,0.00502120674036619
0.986924133181395,0.00723099534150608,0.00928604717575324,-0.00344117569865444
0.983409736767878,-0.000945719841289777,0.0130644330704076,0.00447155000300438
0.985638220137936,0.00715822570577916,0.000165614732599633,0.007037939423685
0.972532232614898,0.00955889104619035,0.00257134985453304,0.0153375264843793
0.983821893667868,0.00599897005322096,-0.0013229891291918,0.0115021254081032
0.974163025368012,0.00880610701576718,0.00631336700049545,0.0107175006157254
0.973550439248582,0.00814165802848775,0.0125228726757728,0.0057850300471573
0.972290972132337,0.0105127758731523,0.0131493434856466,0.00404690850886409
0.969173509916184,0.0155165455196314,0.0160599008656785,-0.000749956301493928
0.972851200733736,0.00737138095751691,0.00896740940205778,0.0108100089066893
0.974530588081373,0.0200145501491364,0.0157717493676245,-0.0103168875981336
0.955060799051411,0.0217230189936798,0.0183924066578729,0.00482377529703618
0.950331277389007,0.0155434340288273,0.0121967832138219,0.0219285053683444
0.942463166233662,0.00883685372790102,0.022174384435601,0.0265255956028366
0.953233581367335,0.0153899064992505,0.017762191553663,0.0136143205797516
0.943290557459911,0.00799707151413584,0.0129441782484245,0.0357681927775285
0.942677661899923,0.0128591688212015,0.0137591880309468,0.0307039812479293
0.940526904389218,0.0269520291399978,0.0287170736337656,0.00380399283701894
0.942779960137308,0.0254259180645555,0.0251379656763718,0.00665615612176472
0.924274210770059,0.0329328384906015,0.0264426579856306,0.0163502927537089
0.930209981209913,0.0288830143099095,0.0189199983506064,0.0219870061295715
0.921899580442948,0.0319367896190816,0.0263473097525494,0.0198163201854211
0.910145400105441,0.0226313025181337,0.0274221802585672,0.039801117117858
0.906551311565257,0.025815378561503,0.0272262142441238,0.0404070956291167
0.902280560949314,0.0360980288172591,0.0364806761367491,0.0251407340966782
0.895529039309733,0.0309118086755112,0.0364437117870476,0.037115440227708
0.897448158665186,0.0337325806301382,0.0355445410840558,0.0332747196206198
0.884863355401738,0.0462732972001021,0.0435470147528695,0.0253163326452906
0.872819091431922,0.0310775810503239,0.0401782418738034,0.0559250856439513
0.862233523442336,0.0345322354434972,0.0449415856678744,0.0582926554462927
0.864736854504064,0.0360589036233413,0.0459633080987457,0.0532409337738487
0.851368706811388,0.0482114857633277,0.0550023248518321,0.0454174825734522
0.843882179615668,0.0457702852821293,0.0566706731089762,0.0536768619932267
0.835210770695201,0.0469683627992425,0.0523648539557316,0.0654560125498255
0.82145537894329,0.0597289171534479,0.0658346569352958,0.0529810469679671
0.806317123509837,0.0621849497496124,0.068442225543678,0.0630557011968725
0.797445256335592,0.0649026491756493,0.0662684446077161,0.0713836498810424
0.798200772661585,0.0616627548627764,0.0656160957377993,0.0745203767378394
0.773668376946703,0.068047942070991,0.0758737342916698,0.082409946690637
0.759543315743051,0.0646718074688846,0.077892768452292,0.0978921083357726
0.746086669795644,0.0741739466409286,0.0879818704188707,0.0917575131445568
0.731914363297229,0.0733895871557904,0.0918652374704999,0.102830812076481
0.713878802814915,0.0769090563328143,0.103604656885273,0.105607483966998
0.695455400236266,0.0752230448915509,0.10640055135328,0.122921003518904
0.693645383415846,0.0893229222761369,0.0939261859625688,0.123105508345448
0.672694110773888,0.0869824431103648,0.109344261815114,0.130979184300634
0.656209878518755,0.0874338302679469,0.119272792685426,0.137083498527872
0.642733435663409,0.0899602312944092,0.105978836363831,0.161327496678351
0.628695733959242,0.0980194320051792,0.121668191661175,0.151616642374404
0.603581462337269,0.100891794232904,0.136226042668044,0.159300700761784
0.605191921310025,0.0946928090534138,0.127397847833111,0.172717421803451
0.582260801292093,0.10299764040433,0.139520205667005,0.175221352636572
0.565341156848046,0.103002203266378,0.138455353864125,0.193201286021452
0.533440488503225,0.106696851667676,0.141350659737228,0.218512000091871
0.520753945755394,0.120642795819488,0.146111859791955,0.212491398633164
0.512889091713596,0.108588306678492,0.156782540628765,0.221740060979147
0.490990872343583,0.112888478615555,0.161194916246313,0.23492573279455
0.470295987140057,0.110595426046558,0.16493225649936,0.254176330314025
0.458552899082322,0.119209476930556,0.163239780835552,0.25899784315157
0.446671915496679,0.124216664122772,0.176203036147179,0.25290838423337
0.429421631900371,0.110254054926086,0.179561080907154,0.280763232266389
0.408119870016597,0.111614561227407,0.168192271624856,0.31207329713114
0.397232402036958,0.119760484682225,0.175260723834729,0.307746389446088
0.378318980770458,0.111752642123486,0.187160051655572,0.322768325450485
0.372544060547336,0.11411665749277,0.190162371565453,0.323176910394441
0.346868790738357,0.117840986449356,0.193057371032674,0.342232851779612
0.341075467029612,0.105991905824294,0.198263317208299,0.354669309937796
0.31730985064631,0.100072886780064,0.190138719589485,0.392478542984141
0.305185904076249,0.104999461042446,0.2032004708685,0.386614164012806
0.293115405679627,0.103390174195246,0.183761558530777,0.419732861594351
0.280352137061161,0.0918568836466633,0.195413287122718,0.432377692169458
0.267457059288665,0.100663426000096,0.193464197011936,0.438415317699303
0.262597276474977,0.0989806596764426,0.194031931313106,0.444390132535474
0.257759157106948,0.093255027759086,0.20077582222794,0.448209992906026
0.25375771915997,0.078195290850483,0.192064269363162,0.475982720626385
0.23610617219318,0.093295345876579,0.187459526362955,0.483138955567287
0.21445105588739,0.0867860552094345,0.193406331849697,0.505356557053478
0.21120773983792,0.0739282556027152,0.203450199052418,0.511413805506948
0.209140313816756,0.075974723032931,0.183277149698849,0.531607813451465
0.194783345608335,0.0790265858368063,0.198556459672153,0.527633608882706
0.181312346308571,0.0765050772797214,0.179181341787592,0.563001234624116
0.188250755755661,0.0665392359361743,0.178617689260783,0.566592319047381
0.174791033481534,0.0685257574672028,0.177173428604802,0.579509780446461
0.168512295323359,0.0657229212192206,0.175320891373624,0.590443892083796
0.157544878282529,0.0590987168879687,0.159669090177286,0.623687314652216
0.148387861955273,0.0567891656502603,0.162594104798975,0.632228867595492
0.160407892465287,0.0588486037955629,0.175945170019255,0.604798333719896
0.14542170773451,0.0551537081341659,0.156308041516496,0.643116542614828
0.137175952491509,0.0506520762797483,0.154639140764993,0.65753283046375
0.134007612260862,0.0416900206324511,0.157053406836454,0.667248960270234
0.138306001133496,0.0467570459825866,0.15249575087578,0.662441202008138
0.124015024070583,0.0425610147793385,0.144611588697816,0.688812372452263
0.125477391139013,0.0448174802429228,0.137638659366678,0.692066469251386
0.118955448174969,0.0343029128427074,0.13549955415055,0.711242084831774
0.119616395569593,0.0405093691862471,0.134489589906942,0.705384645337218
0.108096250251478,0.0355864909824849,0.133776399702849,0.722540859063188
0.113789511597883,0.0264852801621788,0.121778615092123,0.737946593147815
0.10815885837987,0.0324625396533269,0.121243068717967,0.738135533248837
0.105579693609822,0.033385983131731,0.122108971253416,0.738925352005031
0.102101915724207,0.0320444408066057,0.111793782066983,0.754059861402204
0.0996353177314124,0.0432113674649128,0.105428724259039,0.751724590544636
0.0986496076011227,0.030213592549085,0.10377730713819,0.767359492711603
0.0946095728716927,0.0250563983424593,0.0962908928818842,0.784043135903964
0.086324302810824,0.0202051068083985,0.0900358169400605,0.803434773440717
0.0922788517452212,0.0247039281738511,0.093625211373826,0.789392008707102
0.089512881379317,0.0111914853825687,0.0916441212983936,0.807651511939721
0.0958403563804518,0.0139041984341234,0.0834613202901541,0.806794124895271
0.0942316896604217,0.0243521818506726,0.0762356453816903,0.805180483107216
0.0911011558089276,0.0238871853934553,0.0882534385805914,0.796758220217026
0.0858325553389589,0.0189058749656122,0.072202110113961,0.823059459581468
0.088480176292933,0.0190202041329568,0.0748572397953561,0.817642379778754
0.0892233647964467,0.0100312088156796,0.0659344162958548,0.834811010092019
0.0849684905168597,0.0174706350612587,0.065761580034271,0.831799294387611
0.0760707736580939,0.0146462990653552,0.0598263153146408,0.84945661196191
0.0831867635673771,0.00707043975896199,0.0641480747889523,0.845594721884709
0.0725312368210756,0.0167080905692655,0.0636679285435075,0.847092744066152
0.0731698843653724,0.00832701724540501,0.0537216465035726,0.86478145188565
0.073562968997827,0.00820242513701795,0.0598241354086792,0.858410470456476
0.0853213638830415,-0.00105682527231276,0.047722088465766,0.868013372923505
0.0778915407183423,0.00798901842245235,0.0500922883152903,0.864027152543915
0.0730587867884222,0.00755605801764484,0.0442260488229672,0.875159106370966
0.0789488459117232,0.0142872538636861,0.0521267880044089,0.854637112220182
0.0776480992276309,0.0111644482104726,0.0427088341157707,0.868478618446126
0.0720054347983744,0.00226179277245137,0.0363547484060933,0.889378024023081
0.0651023604170227,-4.31875765835492e-05,0.0424614372654845,0.892479389894077
0.0715211339240841,0.00707714917275752,0.0342379881152326,0.887163728787926
0.0675708596409026,0.00620424684406457,0.0405145519890413,0.885710341525992
0.0729434614623606,0.0112773258580477,0.0359747302290624,0.87980448245053
0.0767733953852815,6.49666888183562e-05,0.0316843483279748,0.891477289597926
0.0660465831311181,0.00558529858950951,0.0267126472157193,0.901655471063653
0.0689673687325647,0.0049916820723741,0.0251387411241741,0.900902208070887
0.0658097322653925,-0.00554379410523463,0.0262265111324325,0.91350755070741
0.0678820787715567,0.0068323959611326,0.0254873703643945,0.899798154902916
0.0640921660649618,0.00791540882639974,0.0240450173398901,0.903947407768749
0.0651340425073447,-0.00200685683078335,0.0283534229732061,0.908519391350233
0.0671971165571433,0.00244632118459389,0.0311299534407537,0.899226608817509
0.0649404148544671,0.00550977437182555,0.0151898444027599,0.914359966370948
0.0668377774567323,0.000942502189485165,0.0185960092886326,0.91362371106515
0.0664747635245895,-0.000828484655164673,0.0243196953730605,0.910034025757515
0.0728908082879532,0.00264247284126765,0.026444067036163,0.898022651834616
0.060039407447789,-0.00250598722175561,0.025647835544359,0.916818744229608
0.0703470074595296,0.00594199215242514,0.0149292841542351,0.90878171623381
0.067208619104551,0.00714767563534713,0.00904341067735736,0.916600294582745
0.0665345813118317,0.0117436558707585,0.0150323532811501,0.90668940953626
0.0734748973846974,0.00714452680870273,0.0170736507256234,0.902306925080976
0.0684638855505339,0.00101774646531565,0.0157099975970562,0.914808370387094
0.0626673598976241,0.00881508217471901,0.0137464642397188,0.914771093687938
0.0547313610302586,0.00881784979072004,0.0116089668001107,0.92484182237891
0.0561685719066278,0.00226082330044325,0.015397392904454,0.926173211888475
0.0686583732444627,0.00496053295248305,0.0146485096023032,0.911732584200751
0.0555270310116956,0.00332756145609287,0.0118770245447605,0.929268382987451
0.0686003405831147,0.00934999016163944,0.00221954120268616,0.91983012805256
0.0592972448304537,-0.00277013830279135,0.017415788510637,0.926057104961701
0.0740733737104375,0.00395873626924128,0.0128897969136868,0.909078093106634
0.0626760064046968,0.00408549493493272,0.0105653171054993,0.922673181554871
0.0630930272530698,0.00282455661422642,0.00890797356071258,0.925174442571991
0.0629844961806606,-0.00903276082185903,-0.00472617765623905,0.950774442297438
0.0659935602868686,0.00593273372297206,0.00942303459428945,0.91865067139587
0.0531049709428848,0.0069331281170945,0.00860242177525742,0.931359479164763
0.0531377567967799,-0.000648325015090881,0.0103970441439302,0.937113524074381
0.0609744940167909,-0.0039350796502744,0.00942311186058504,0.933537473772899
0.066520080244335,0.00955702743953397,0.0129094735415523,0.911013418774579
0.0640109333476548,-0.0019072327441976,0.00458090650491693,0.933315392891626
0.0577246459882887,0.00473220924403996,0.0150285745336743,0.922514570233997
0.0618918715045366,-0.00163058023460951,0.00337862999019363,0.93636007873988
0.0694629353148859,0.0145643108416642,0.00651970560265317,0.909453048240797
0.0681839961497064,-0.00464928271037808,0.00902972231770285,0.927435564242969
0.0555901814135822,-0.00625504620787764,0.000150012891146517,0.950514851903149
0.0556700861204335,-0.00115419026776969,0.00312601579160058,0.942358088355736
0.055667514254262,0.00246945793595207,0.000909357867510868,0.940953669942275
0.0625315117191153,0.000845356990753382,0.0043814701872742,0.932241661102857
0.0625893102193112,-0.00297227596854808,0.00615527851078045,0.934227687238457
0.0664097634201229,0.00215743476872173,0.00929353293939328,0.922139268871762
0.0606701682955684,-0.000351122597787488,-0.0012579846630942,0.940938938965314
0.0645326849626197,0.0072418504956288,0.00766629977927554,0.920559164762476
0.0768473836337694,0.00375997421758896,8.91093265781525e-05,0.919303532822064
0.0645276427549672,-0.00430301944424277,-0.00835505465157592,0.948130431340852
0.0640088418652349,-0.00771233589302742,-0.00170947810304174,0.945412972130835
0.0550556541799296,-0.00650148055971433,-0.00273652015507878,0.954182346534864
0.0640910510212439,-0.00540087394086305,0.0065344021637724,0.934775420755847
0.0737506719542069,0.000418546740245852,0.00299823887812006,0.922832542427428
0.0662084311610835,-0.00194646904732724,0.00342160990902029,0.932316427977224
0.0680442213329976,-0.000130726008494842,-0.00318598492425766,0.935272489599755
0.0628779162816996,0.000791072404861182,-0.010922695210637,0.947253706524077
0.0665354826087129,-0.00514134199500699,0.00117341685390658,0.937432442532388
0.0586527000479202,0.00153180126767114,-0.000436401183401928,0.940251899867811
0.0618130370698298,0.00844046178873674,0.00119337709180223,0.928553124049632
0.063075785450258,0.000182689275465371,0.00414734448001715,0.93259418079426
0.0718334291164723,0.0040115645877733,0.000241726949489657,0.923913279346265
0.0625780435613667,0.00525811953777748,-0.000786580457725919,0.932950417358582
0.061086104804849,-0.00150015917851233,6.09309784826038e-05,0.940353123395181
0.0672364531268518,-0.0025520848718175,0.00562074608426855,0.929694885660698
0.0668943665444658,0.00816606758157815,0.00154417229041393,0.923395393583543
0.0723768077820152,0.00109806333824983,-0.000565798111530034,0.927090926991266
0.0663443896894288,0.00751999732244606,0.00495739445690708,0.921178218531219
0.0634825343691192,0.00114510846906471,-0.0066629500709957,0.942035307232813
0.0620702550095533,-0.000233588630214329,-0.00335793140134859,0.94152126502201
0.0636864281219509,0.000183848425120039,0.00426754764535282,0.931862175807577
0.0620952679710456,-0.00311241618886089,0.00549418191845855,0.935522966299357
0.0566760234357878,0.000163818427164873,0.00627925664800068,0.936880901489047
0.0677013636623499,-0.00323318938625142,-0.00209368633020385,0.937625512054106
0.0632107571177903,-0.00524639355398327,-0.00279575551892201,0.944831391955116
0.0637317543305706,0.0013348860218403,0.00154152947028711,0.933391830177303
0.0695936802181032,0.0114446082715227,-0.00916656540936324,0.928128276919738
0.0632483087315467,-0.000755450810793326,0.00447769011473744,0.93302945196451
0.0733827908344294,0.00223443181951281,0.00420442391130939,0.920178353434749
0.0605132390742479,0.0035691181305366,0.00844259375597465,0.927475049039242
0.0610037553935928,0.0017926449910294,-0.0138530927020319,0.951056692317411
0.0680735255366001,-0.00894620372202703,-0.00561171002330334,0.946484388208731
0.066622263799591,-0.0029077565264934,-0.00752045586885191,0.943805948595755
0.0680631998507648,0.00352193653513483,0.00448489785435461,0.923929965759747
0.0596511748438121,0.00971998344255348,0.000603233740598688,0.930025607973037
0.0732851861584715,-0.00655948088505905,-0.00249684562179482,0.935771140348383
0.0580022194247179,0.00445122447229067,0.00254970017773826,0.934996855925254
0.0611517315052359,-0.00152944653929688,0.00454643967537595,0.935831275358686
0.0632155865006135,-0.000547516676030144,-0.00404051433581696,0.941372444511235
0.0600604088261674,-0.000661762352606947,0.00515311021863941,0.935448243307801
0.0687610315662446,0.00436399004381615,0.00645660764268289,0.920418370747257
0.0576695984906907,-0.00189335386128895,-0.00327721410099388,0.947500969471593
0.074185541840689,0.00549591069834966,-0.0040052690247245,0.924323816485687
0.0589433669595847,0.000588435242626319,-0.00713861488248268,0.947606812680273
0.0557553369696954,-0.00117340131830686,0.005291612958608,0.940126451390005
0.0662265893423284,0.00863608272193888,-0.000708901341847647,0.925846229277581
0.0601707669225934,0.000913813019170982,-0.00128787418111699,0.940203294239354
0.0584943397180053,0.000201006050095217,-0.000275926772024024,0.941580581003924
0.0598596205332345,-0.000328954542658233,1.920829907775e-05,0.940450125710347
0.0622060987727405,-0.0057986266380267,0.00294353764738752,0.9406489902179
0.0667432272130774,-0.00290026446968669,0.00921062498285819,0.926946412273752
0.0564621122708811,-0.00261381991958425,0.00151425453021464,0.944637453118489
0.0703272883228326,0.00263765753357861,-0.000204813793639781,0.92723986793723
0.063778985579615,0.00161992939393338,-0.00110848206410822,0.935709567090561
0.0632997379994188,0.00300792099306857,-0.0013989920789606,0.935091333086474
0.0594667540030795,0.000295032019098215,-0.0048413802814238,0.945079594259247
0.0669611552514559,-0.00102376855157632,0.00537977011755247,0.928682843182569
0.05151967261117,-0.00143252930531023,0.00540263663129044,0.944510220062851
0.0647635008137906,-4.76281643799718e-05,0.00313818749045317,0.932145939860137
0.0593025533599459,0.00870143504128607,-0.00912500235935223,0.941121013958121
0.0686274365104038,-0.0079658694409879,-0.0065999478473761,0.945938380777961
0.0679068829877079,0.00104013770643297,-0.000932329517212091,0.931985308823072
0.0679275706495274,0.00135614624961688,-0.00477304987568158,0.935489332976538
0.0648272796346916,0.0113316613248086,0.00151901259319519,0.922322046447306
0.0609046363665688,0.000993193806424212,-0.00261149672842885,0.940713666555437
0.0638810034897318,0.00446350241961428,-0.00809002379568448,0.93974551788634
0.0699434341534825,0.00132002811111506,0.00200033302768133,0.926736204707722
0.0667097146214034,-0.00241126248225728,-0.000816775392879717,0.936518323253735
0.0630728905056103,0.00461296936712968,-0.00656644008856923,0.93888058021583
0.0575442413206051,3.13976408784716e-05,0.000683485196437262,0.94174087584208
0.0673959939213574,0.00737267921878455,-0.00892621095078067,0.93415753781064
0.0638879145489015,-0.00544236876323958,0.00115525047356832,0.940399203740771
0.0658461987090402,0.00560942810096661,-0.00337476656169797,0.931919139751692
0.0636817280053724,-0.00232373490361841,-0.0046894401877632,0.94333144708601
0.0587218691893621,0.00283511443681053,-0.00174507699272823,0.940188093366557
0.0608972740477157,0.00631644310033319,0.00374111756484959,0.929045165287103
0.0708543910509914,1.2347536466145e-05,-0.0112273367373626,0.940360598149906
0.0575176647372552,-0.00385356885028368,-0.00331007703307773,0.949645981146107
0.0648284043189906,0.00431229331337121,-0.00613916640908367,0.936998468776723
0.0675389647396631,0.00137646166907505,-0.00191384063542216,0.932998414226685
0.073288411155975,0.000195223973593613,0.0101745783930737,0.916341786477359
0.0682632903541579,-0.000669476615369827,0.00182553693560653,0.930580649325607
0.06773197525381,-0.00151208234630243,-0.00364284254574427,0.937422949638238
0.0650685100972926,0.000760682582909381,-0.000896363960597203,0.935067171280397
0.0774593424660551,-0.00293285288752692,0.0011822446305923,0.924291265790881
0.0587273520726091,-0.00722322901349477,-0.00319939593427028,0.951695272875157
0.0658465015470503,-0.00436023064772087,0.000835755066384487,0.937677974034287
0.0730268976626705,0.00257885129212488,-0.00413512840630649,0.928529379451512
0.0672106826877324,0.00192903321436976,-0.00576020604390187,0.936620490141801
0.0650589381939562,0.000596571597641516,-0.000853533145154635,0.935198023353558
0.0644031910408784,-0.00428910144313914,-0.00263919923880655,0.942525109641069
0.0688416797433714,0.000336632175696563,-0.00736848363442976,0.938190171715363
0.0643136413226991,0.00192134925547231,0.00137042483349697,0.932394584588333
0.0695395374545668,0.00209691301551469,0.00300487095545504,0.925358678574465
0.0639336293562267,-0.002257915877861,0.00280857743013448,0.935515709091501
0.067024244729989,0.0042047824516006,0.00557521047225689,0.923195762346155
0.0691737178847543,0.000418825702897708,0.00427865193214627,0.926128804480203
0.0675481087161625,-0.0022141358913222,0.000482862066728144,0.934183165108433
0.0710385957889528,-0.00464241118395645,-0.00567602378990066,0.939279839184906
0.0728142050911651,-0.0114755633071581,-0.00326664259486673,0.941928000810861
0.0713977512381587,-0.00562215350921682,-0.00426292525483726,0.938487327525897
0.0743223943221024,0.00279438495755718,-0.0017110969663589,0.924594317686701
0.0601134589222976,0.00224632607472864,0.00175655620230615,0.935883658800669
0.0696576658935137,0.000234399003742165,0.000846224977028534,0.929261710125717
0.0645109565559504,-0.00229114753794002,0.0011435731114193,0.936636617870572
0.0653453342822684,0.00353533655737079,0.000172767983206886,0.930946561177155
0.0684711851823247,0.00467794864815444,-0.000787162486164454,0.927638028655687
0.066323443957037,0.000858660879720723,0.00579209640415765,0.927025798759086
0.0669436967478253,-0.00148078477871129,-0.0050345647035153,0.939571652734403
0.0602949556545387,-0.0029259002745712,-0.00465260914908924,0.947283553769123
0.0649666597844316,5.79965319221235e-06,-0.00222368219100387,0.937251222753381
0.0614593846370676,0.000105916861343995,-0.00259309848206234,0.941027796983652
0.0656048619179924,-0.00417123402663294,-0.00445462004636116,0.943020992155003
0.0611364736065036,-0.00526298388796841,-0.00459754420156981,0.948724054483036
0.0688714709911067,-0.000307448950797677,-0.00187546342830407,0.933311441387996
0.0580738707274645,0.00235541319586443,0.0043985651274912,0.935172150949181
0.0572263027316975,0.00323478243460728,0.0062358008864213,0.933303113947275
0.0679002766460179,-0.00175054699555294,0.00332696977033136,0.930523300579205
0.0654768995101329,-0.0020260656731545,0.00155353064171297,0.93499563552131
0.0624122739363308,0.00342292874010927,-0.00317147973852846,0.93733627706209
0.0689308956924462,-0.00418478500002201,-0.00414444147983324,0.93939833078741
0.05709702223303,0.00105314289410054,-0.00323773588369961,0.94508757075657
0.07248786691488,0.000528027543084925,0.0029637641781928,0.924020341363844
0.0723327505693145,-4.75661911634828e-05,-0.00635418322920045,0.934068998851051
0.0719064902095366,-0.0054715646988362,4.56191407960661e-05,0.933519455348505
0.0700487643492088,0.00144148627956539,-0.00097638001148311,0.92948612938271
0.0624528649696483,-0.0110076627064807,-0.0119138615552107,0.960468659292044
0.0684154266049068,0.00114593049631811,0.0025450110310751,0.927893631867701
0.0626746111102,-0.00988415112078894,0.00248612782916625,0.944723412181424
0.0604036003454924,-0.0100785394765231,0.00063224218055869,0.949042696950473
0.0625333703846152,-0.00285235115769179,0.00683759508725148,0.933481385685826
0.0634741658828413,0.000299032617280597,-5.63266921179084e-05,0.936283128191997
0.0598778477929743,-0.00190711483583472,-0.00746950188308838,0.94949876892595
0.0634954038957479,0.000477998896971251,-0.00780914981570467,0.943835747022987
0.0605971695793318,0.0049348904957231,-0.00490035692153072,0.939368296846477
0.0745813226018296,0.000541567878426763,-0.000574713516000131,0.925451823035745
0.0651505621212088,-0.00770417550732288,-0.00376908472961939,0.946322698115735
0.0731184983601455,0.00239329022415683,-0.00671807862716405,0.931206290042863
0.0642029208733464,-0.00325887567897273,-0.00212084726011576,0.941176802065743
0.0703017406256737,0.00858238222630112,-0.0014931097533427,0.922608986901369
0.0786230798089242,-0.00187091733496184,0.00126145028683991,0.921986387239199
0.07349405117686,0.00606848966307785,0.00958208122828967,0.910855377931774
0.0679779564146221,0.00293846827036802,0.00456676336097805,0.924516811954033
0.0595902922190628,0.00134078594248647,0.00391591818815298,0.935153003650299
0.0816058793638209,-0.00452584586340097,-0.00366651955632083,0.926586486055902
0.0702738546182196,0.0034209700252906,0.000712560508112202,0.925592614848379
0.0652132532107973,-0.00405038624722308,-0.00931275863144966,0.948149891667877
0.0658373888841534,-0.00566809120389614,0.00108328241209887,0.938747419907645
0.0698209639180415,-0.000946339674987459,0.003378506982938,0.927746868774009
0.066976249628875,-0.00414271432684913,0.00707207004261924,0.930094394655356
0.065856687776685,0.00499763703759987,-0.000445032414744776,0.929590707600461
0.0680176212471732,0.000933907405939395,0.00562317660116728,0.925425294745721
0.0733200778629562,-0.000395658408854431,-0.00105879691260752,0.928134377458507
0.0719315144323754,-0.00378934985456042,0.00170889821398914,0.930148937208197
0.0698357075162447,0.00308741459787977,0.00210383791814261,0.924973039967734
0.0722917844582797,-0.00285963178360181,0.00330907148037407,0.92725877584495
0.0723689647564462,-0.00935876035095655,-0.00033403095319816,0.93732382654771
0.0565458480852902,0.0116388877992275,-0.000294841652441972,0.932110105767926
0.0613722890737582,0.0048389528584212,-0.004462925483103,0.938251683550925
0.0708003845666957,0.00484282682680813,-0.00359497929630412,0.927951767902801
0.0737621201249444,0.00628340391788092,-0.00781392191421793,0.927768397871394
0.0695046080945146,0.00344403432796638,-0.00154918434191557,0.928600541919436
0.059785185860642,-3.15728421892128e-06,-0.00489799246116761,0.945115963884746
0.071866328604305,0.00427312934273623,-0.00347446652869134,0.927335008581651
0.0617463950968843,-0.00196144819181846,0.00240548256235823,0.937809570532577
0.0611909123338131,0.00344835532982728,0.0021095935748602,0.933251138761501
0.0656711688287401,-0.00761694912356966,0.00305411072499367,0.938891669569837
0.0606925093668924,-9.47183730397188e-05,0.00224701367793324,0.937155195328215
0.0617695064024306,0.00821487510854721,-0.000545317829566125,0.93056093631859
0.0615558043103656,-0.00457151951597827,0.00695964876422411,0.93605606644139
0.0625860193339172,0.000384478537734292,-0.00627960744525202,0.943309109573602
0.0570099489313612,0.0103740075465888,0.010389110927216,0.922226932594835
0.0666466676341711,-0.00571264488401579,-0.00540280754616249,0.944468784796009
0.0670512050809333,0.00573074414374247,-0.00153200604807226,0.928750056823398
0.0655493051067422,0.00492235754416296,0.000468124927646715,0.92906021242145
0.0626701203659768,-0.00114087424469272,-0.00011489860334056,0.938585652482058
0.0717971256427512,-0.000476518959105779,0.000445519425537674,0.928233873890818
0.0622423838904665,0.00565114657389451,0.00268190009949708,0.929424569436143
0.0605288082600986,0.00399755026027366,-0.000319339774916241,0.935792981254545
0.0662486996285996,0.00104167651349189,-0.00595309774363587,0.938662721601546
0.0619774343141974,-0.00479439076257491,0.00540324631687734,0.937413710131502
0.0602553176049508,0.00217927749873464,0.00423808780143775,0.933327317094878
0.0676266695881126,0.00212905053622451,-0.0091168139087887,0.939361093784453
0.0648683020592307,-0.00680307853450109,0.00174302639349893,0.940191750081773
0.0746340111838596,0.00187444341479128,0.00634784267932133,0.917143702722029
0.067247172190742,-0.00169983465197189,0.00361956178696048,0.930833100674271
0.0744969183214437,0.000330416432690415,-0.00415353153204631,0.929326196777914
0.0630859967580579,0.00198097922717356,-0.0024592117463142,0.937392235761084
0.0781304218476396,-0.00442789026203247,-0.00136493277654426,0.927662401190938
0.0674733181270808,-0.00142867041762997,0.0020633141477719,0.931892038142779
0.0694396670693881,-0.00292355408746375,0.000238535869814883,0.933245351148262
0.0744929404512153,-0.00964888684253363,0.0065266319480865,0.928629314443233
0.0623497757493486,9.79791577275298e-05,-0.00260245001273958,0.940154695105665
0.0595473886203131,0.0031875138940644,0.000560337541928819,0.936704759943695
0.0727182304855262,0.00452599963654627,-0.00390424539646805,0.926660015274397
0.0653890176461234,-0.0024981268292939,0.00589872839186366,0.931210380791308
0.060422097096455,0.00270313172512484,0.00238618327716351,0.934488587901258
0.0748577985883235,-0.00341723588792696,-0.00638169564640503,0.93494113294601
0.0649909183070874,0.0014145360367531,-0.00570329725442591,0.939297842910587
0.074159223146888,-0.00137488952247923,0.000363214267788684,0.926852452107804
0.0708207686094777,-0.00351655700078274,0.00603623139983114,0.926659556991475
0.0666283532413052,0.00149558208236224,0.00829328222321572,0.923582782453118
0.073312501854354,0.00443379050736821,0.00251201166664016,0.919741695971639
0.06630466630614,-0.00203812509036841,0.00104102475768386,0.934692434026546
0.068157554971039,0.00040558999722071,0.00418771270668031,0.927249142325061
0.0709921404895369,0.00852043412835614,-0.0063727091211564,0.926860134503265
0.0620626081829188,0.000341158076336204,0.00314144497653378,0.934454788764213
0.0714276016028633,-0.0031471046329379,0.00475474067878401,0.926964762351292
0.0633529288497285,-0.00250386962450236,0.00193207389814442,0.937218866876631
0.0693860182419433,0.00583489389313324,0.000241220098002892,0.924537867766922
0.0765337758811487,-0.00123394640747928,0.000127964460379567,0.924572206065952
0.0657991478041961,-0.00509213020857413,-7.46929466258824e-05,0.939367675351005
0.0692934617931846,-0.00130183183473115,0.00365023307510214,0.928358136966446
0.0689375012339686,-0.00102648872035902,0.00401536368893459,0.928073623797457
0.0752157363017171,-0.00126509426953301,0.00386313878786007,0.922186219179957
0.063381092598783,-0.00236969226062601,0.0111359193917409,0.927852680270104
0.0658107112826859,-0.00351286991211408,-0.00326089215194449,0.940963050781374
0.0738987847537662,0.000514330892581981,0.00484561288917081,0.920741271464482
0.0609877477471698,-0.0119068897076444,-0.00238561193853632,0.953304753899012
0.0702468444033316,-0.00615706452864203,-0.00176662504915844,0.93767684517447
0.0605768147000578,0.00488616085466392,0.0049084516371506,0.929628572808129
0.0698940333778362,0.00343203965710526,0.0029811536704779,0.923692773294582
0.0655330756673053,0.00273067001315563,0.00520667308096082,0.926529581238579
0.0674255770427104,-0.0106265836389442,0.00482948941692539,0.93837151717931
0.0702148368422314,-0.00544281369420537,0.00819952697152306,0.927028449880452
0.0850736018535674,-0.00911779254316855,0.00137024106441409,0.922673949625188
0.0758523344172466,-0.0019401440115867,-0.0037325553324577,0.929820364926799
0.0719327354244314,-0.00543206152089885,-0.00239329571871493,0.935892621815183
0.0681714513254355,0.00180300018832881,0.00436903977811505,0.925656508708122
0.0628172563433847,-0.00624120074128633,-0.00128038264958422,0.944704327047487
0.0629441145091622,-0.000968782648323458,-0.00137380592616581,0.939398474065328
0.071084423657147,0.00270357102177387,-0.00184567481560888,0.928057680136689
0.0699666727333666,-0.00535279390018517,0.0064423584343287,0.928943762732491
0.07699083597622,0.00240820031630871,0.00528809808719803,0.915312865620274
0.0745315930228164,0.00281183949919144,-0.00460729559806838,0.927263863076062
0.0610555625625248,-0.000360813776216079,0.00131999733993475,0.937985253873758
0.0837091127319236,-0.000351337006559712,-0.00651396275653827,0.923156187031176
0.0752986393202755,-0.0053421487650564,0.00567376410591322,0.924369745338869
0.0752979199720445,-0.00823054013794046,0.0040232696269246,0.928909350538972
0.0643410464900579,0.000337883068370687,-0.00529404978946488,0.940615120231037
0.070527163537405,-0.00309526565925556,0.00379748741353745,0.928770614708314
0.0665878665101067,0.000227678549302506,-8.93063424974438e-05,0.933273761283089
0.0725180654855384,-0.000432433546285301,-0.00080751327886945,0.928721881339617
0.0638957261157887,0.00551450142463009,-0.00391518919963729,0.93450496165922
0.0618275537189327,0.00263341808924451,-0.00361663342341822,0.939155661615242
0.066232223929866,0.00458980504580776,0.00162375029372811,0.927554220730599
0.0600516927397023,0.00222215634522067,-0.000663490948029564,0.938389641863108
0.0786289656934028,-0.00749734777622503,-0.00595702042520373,0.934825402508027
0.0742721078445562,0.000301945878799006,-0.0015910322710908,0.927016978547737
0.0745535332298526,0.00626716849493841,0.00100181063641847,0.918177487638791
0.0762777170873944,-0.00133511835085215,0.00305858191584231,0.921998819347616
0.0797354823070278,0.00418186275375941,0.00434178941966588,0.911740865519548
0.0630113561482346,-0.00260402313116432,0.00673124418586504,0.932861422797066
0.068569603082504,0.00123715286230293,-0.00425365298773618,0.93444689704293
0.0681997810116306,0.0021112355483425,0.00741887523740851,0.922270108202619
0.0769170856852249,0.00237887994373317,0.00253145850447692,0.918172575866566
0.0658103419189375,0.00592171783277233,-0.00518625988996722,0.933454200138258
0.0607736701932915,0.00294823923383945,-0.001427936614963,0.937706027187833
0.0642535040972364,-0.00360585051248886,0.0083768689173436,0.93097547749791
0.0707640726693011,0.0033232679283628,6.8569204297228e-05,0.92584409019804
0.0744337285135232,0.0120659098785817,0.0031760281717608,0.910324333436135
0.077065882890394,-0.0026883219542776,-0.00632403217343088,0.931946471237316
0.0655365699959081,0.00244200776329031,0.00834650601864529,0.923674916222157
0.0697587376014366,-0.0101735373124699,-0.00036181721733919,0.940776616928374
0.0714107234783319,-0.00458954494348705,0.00100293068360555,0.932175890781551
0.0680886340523076,-0.00468956558598291,-0.00237473557255637,0.938975667106233
0.0613054218595244,-0.000742698644436766,-0.00199955779605335,0.941436834580967
0.063333241456587,-0.00478839195709633,0.00976677789728818,0.931688372603223
0.0765586305309534,0.00149781779598191,0.00396299049973877,0.917980561173327
0.0707687147035328,-0.00239545983766695,-0.0102352386167209,0.941861983750856
0.0704398562826002,0.0112016770785716,0.00167296027940916,0.91668550635942
0.0763720646366055,0.00756949495650409,0.00720947138191193,0.90884896902498
0.0730800345346166,-0.00909491977490333,0.00159809196608325,0.934416793274205
0.0679673421584156,-0.00178886886684721,0.00718998947077802,0.926631537237655
0.0676847334298976,-0.00263572688219776,-0.000992376215757969,0.93594336966806
0.0639923953083133,0.00272157727107401,-0.00169810646159908,0.934984133882213
0.0765663024221183,0.00229320616222944,0.00229572134516373,0.91884477007049
0.070092003426448,0.000325481587437123,0.00295204672434828,0.926630468261768
0.0779233329986661,0.00118752479905853,-0.00073738327319737,0.921626525475474
0.0790228625040235,0.00673958379181148,-0.00149308767296824,0.915730641377135
0.0707927104462889,0.00374368711348747,0.00232096829016021,0.923142634150065
0.0736418681295968,-0.0044657197778886,0.00625246976251446,0.924571381885779
0.0725669124871598,0.00452314647690743,0.00320590278370684,0.919704038252227
0.0734415422296904,0.00538426658359791,0.00157579334216172,0.919598397844551
0.0651537198919547,-0.00127872533594236,-0.00232543862507993,0.938450444069069
0.0652356360742172,0.000351648905741492,0.00752385530317018,0.926888859716872
0.0674027019792699,0.00717601776254265,0.00133125820918354,0.924090022049005
0.0547430213811742,0.00339619794733542,0.00960394695491091,0.932256833716581
0.0741245021078549,-0.00160388524298014,0.0073559280686706,0.920123455066456
0.0670347039990874,0.0032903792908719,-0.0105892552997207,0.940264172009763
0.0671293003062061,0.000253676038915583,-0.00652019451623371,0.939137218171113
0.0712966264120038,-0.00199361341363997,-0.00838895396770859,0.939085940969346
0.0693368620669954,-0.00649731263628841,0.0024207336809173,0.934739716888377
0.072737286536016,0.00634435278023471,0.00801721621234277,0.912901144471408
0.072183807654533,0.00541599309080155,-0.000532643639863303,0.92293284289453
0.0689675302490208,0.00345892161262468,0.00292913351130116,0.924644414627054
0.0655478769875247,-0.00154970581867013,0.00285461791100226,0.933147210920144
0.0735538709885927,0.00479720672650418,-0.00244076277416148,0.924089685059066
0.0720119382470841,0.00308123463148804,0.00075679785347742,0.924150029267952
0.0737482543888115,0.000485379772367808,0.00656771429114725,0.919198651547675
0.0704569606243724,0.00266630080163882,0.00280770661832742,0.924069031955662
0.0670526748991172,0.00270260993616241,0.000917611996909031,0.929327103167813
0.0730130336743431,-0.000319060213826521,-0.00223303773038242,0.929539064269867
0.065436693405737,0.00283992324403041,-0.00276774652249765,0.934491129872731
0.0597424937498644,-0.00534986896038053,-0.00105057438751436,0.946657949598032
0.0770994955263221,-0.00706713097979877,0.00720918486292082,0.922758450590557
0.0742228302606015,0.00539164007835057,0.000997702164594828,0.919387827496454
0.0653587759294254,0.00744312019335848,0.00285766872204576,0.924340435155172
0.0666839427747061,0.00443691081302163,-0.00280734029618391,0.931686486708457
0.0655803255027742,-0.00138731179520009,-0.00842734726896809,0.944234333561395
0.0753986431987818,0.00178301619584977,-0.00212738917678649,0.924945729782156
0.073265723031002,-0.000926668796302117,-0.00858703793767421,0.936247983702976
0.0761237543490482,-0.0121066739684324,-0.0043227579459129,0.940305677565298
0.0722460686826085,0.00585730653475817,0.00301239534814011,0.918884229434494
0.0675649185078426,0.000322502284494327,-0.0039284131633568,0.936040992371021
0.0646897344922064,-0.00516996428353339,-0.00513203053261649,0.945612260323945
0.070369678233853,-0.00528740460533036,4.51807723057259e-05,0.934872545599173
0.0757027331405301,-0.0104522020940084,0.000935177173058889,0.933814291780421
0.067195175775042,0.00127976081312155,0.00366026559682383,0.927864797815014
0.0724367851202018,0.00313584942629664,0.00224908435468312,0.92217828109882
0.0751021073848371,-0.00484008734655478,-0.000604700466038489,0.930342680427757
0.0712139557657829,-0.00653795896116958,0.00287051229214274,0.932453490903245
0.0724602608416204,0.000746304266775907,0.00324285211408377,0.923550582777521
0.0712996471087789,-0.00315620268992708,-0.00178208102441301,0.933638636605562
0.0791183017533392,0.00362140740512072,-0.00170411459685732,0.918964405438399
0.0684966555881421,0.000980117760264333,0.00721385473194688,0.923309371919648
0.0722650335980616,-0.00350079227933561,-0.0055508659889236,0.936786624670199
0.077112826305773,-0.00328613517798987,-0.000999214385242862,0.927172523257461
0.0726406010058591,0.00308486660070146,0.000141028155890924,0.92413350423755
0.0742175863250188,-0.00861481219016486,-0.00499501352806338,0.939392239393211
0.0753898855776905,-0.00376571884360691,0.00369813545846979,0.924677697807448
0.0671725678701338,0.00387875838808543,-0.00149973291614251,0.930448406657924
0.0734376133233414,-0.00474130804793486,0.00262316541520087,0.928680529309394
0.0723759542690544,-0.0059857986521905,-0.0053020869370302,0.938911931320167
0.0787472406192321,0.00366889258270322,-0.0016658525718788,0.919249719369944
0.08268077157651,-0.00542167859875332,0.00652029555611608,0.916220611466128
0.0744786318482397,-0.00689139507321274,0.00341862875653672,0.928994134468437
0.0665675953096357,0.0069033743164013,0.00243060876418734,0.924098421609777
0.0742912068730005,0.000856950894011841,0.00198555832856488,0.922866283904424
0.0695458043877892,0.000165109153530789,-0.00126159355464387,0.931550680013325
0.0737913727667196,0.000516308554035593,-0.00133703752157629,0.927029356200822
0.071539955088021,0.00727483754595361,0.0102249073298001,0.910960300036227
0.0771970296586701,-0.00931926993671706,-0.00526280372041653,0.937385043998465
0.0717489775532003,0.00543124809762309,-0.00120696430436023,0.924026738653538
0.067874391187757,-0.00691153399631141,-0.00330609034579197,0.942343233154348
0.0712000857208147,0.01659456104427,-0.00212055245142046,0.914325905686337
0.0886429830984566,-0.00128533741737488,-0.00149502761585753,0.914137381934777
0.077342922589301,-0.00164128191393733,0.000658117561032334,0.923640241763605
0.0666024394202319,-0.00178552854648284,0.00391393312186924,0.931269156004383
0.0731910765967537,-0.00206073454268186,0.00658640468023258,0.922283253265697
0.0783465701066707,-0.00248026760828079,-0.000754769878638015,0.924888467380249
0.078884586352541,0.00137443923391545,0.00101798726013907,0.918722987153406
0.0715944286070933,0.00415968532405734,-0.00360055619545967,0.92784644226431
0.0769285262279797,-0.00532163086356929,-0.00643268255082713,0.934825787186418
0.0791117163367667,0.000188178873884019,0.00617188100539641,0.914528223783954
0.0782537249881152,0.00481947595995717,-0.00214275386040758,0.919069552912336
0.0786186072658047,-0.00311603671397966,-0.0117616103662904,0.936259039814467
0.0727961847856544,-0.000301645698029364,0.00155595848672197,0.925949502425654
0.0709889093603087,0.00594728895128387,0.00516151216709776,0.917902289521311
0.0679343073476019,0.0057834796838288,0.00259196335283096,0.92369024961574
0.0734670726474456,-0.0104968419751771,0.00723720409757134,0.929792565230162
0.0726178332401049,0.00349075816013735,-0.00961057648030771,0.933501985080067
0.0765789786181411,-0.00597721968695951,-0.0137805080475431,0.943178749116363
0.0723674092350337,-0.00191067533406081,0.010186394199544,0.919356871899484
0.074513782545128,-0.00794966524370929,-0.000787636188108034,0.93422351888669
0.076447492295488,-0.00712790010224144,0.00588332803413729,0.924797079772618
0.0818209840656109,-0.000763742704326089,-0.0061883781160756,0.925131136754792
0.0695762278807297,0.0093657347108331,-0.00211287107089651,0.923170908479335
0.0860647203896596,0.0106928936309373,-0.00342432226876092,0.906666708248165
0.0697818186549665,-0.00364886580223147,0.00242866919189063,0.931438377955376
0.074542688872285,0.00314901935468044,0.00698203482476037,0.915326256948275
0.0787551767095679,0.00147937699056119,-0.000507199759209106,0.920272646059081
0.0759101277352484,0.0109298763957808,-0.00778565146990117,0.920945647338873
0.0698203079719327,0.00277782501133705,0.000110729456541706,0.92729113756019
0.0727774355655454,-0.00338199232038474,-0.00264070091893885,0.933245257673779
0.0695973418521044,-0.000110051018676568,-0.00668892518334581,0.937201634349919
0.0779440823500113,-0.00878028308233694,-0.00123909709114194,0.932075297823469
0.0758201148024047,-0.00607835271957842,0.00618382411678597,0.924074413800389
0.07853126816858,-0.00866480818441905,0.00203124264532638,0.928102297370514
0.0768229843561477,-0.001365630244606,0.00134552530019351,0.923197120588266
0.0628317530152759,0.00603207026244501,-0.00122717067265411,0.932363347394934
0.0778693292309785,0.000704009056911273,0.00714791043313704,0.914278751278974
0.0754199018692002,0.00677024099014231,-0.0016624568171469,0.919472313957805
0.0781078319832041,-0.00631113116562784,-0.00153196877739514,0.92973526795982
0.0752227237061622,0.0020323652935194,-0.0097166662896878,0.932461577290007
0.0779375065914359,-0.00751429947359009,0.00283017886161893,0.926746614020536
0.0771215484338238,-0.000470088299445778,0.00725076254024659,0.916097777325376
0.0792201738573567,-0.00494152842188582,0.00140733901132655,0.924314015553203
0.0647382024074043,-0.00932506572565452,-0.00428072236421053,0.948867585682462
0.0680017909675311,0.00860028435568693,-0.00141148330886872,0.924809407985652
0.070170438420166,0.00342018422165604,0.00186801481646965,0.924541362541709
0.0734635418294157,-0.010172485052419,0.00739062856938467,0.92931831465362
0.0679392628711726,-0.00302179353667556,0.00110775024329079,0.933974780422213
0.07298586098291,-0.000243711173898084,-0.00155473061184418,0.928812580802833
0.0806124516577754,0.0187900758568313,0.00393671890645931,0.896660753578935
0.076666306249372,0.00409434575389388,-0.00404007017529921,0.923279418172034
0.0788299212739369,0.0084962756152472,0.00327456518401539,0.909399237926801
0.0670248413631263,-0.00186921815244099,0.00601848656580731,0.928825890223508
0.0891801106219484,-0.0139240328258147,0.00234189894481095,0.922402023259056
0.0717647914463492,-0.00573145799739081,-0.00491445427667726,0.93888112082772
0.0650843434756001,-0.0104011303233892,-8.41621835745949e-05,0.945400949031365
0.0776248129108144,0.000916508169483557,0.0027473637199293,0.918711315199774
0.0788482122428581,0.00502525286691264,-0.00451793752767222,0.920644472417902
0.0744542829388863,0.00192951573436433,-0.00357162327534355,0.927187824602094
0.0723601232728028,0.00158860443742976,0.00244662425604679,0.923604648033722
0.0725113367311148,0.00585901203976652,-0.00429716480577481,0.925926816034894
0.0822712858639778,-0.00658853171819756,0.00544723432848261,0.918870011525738
0.0774577581418171,-0.000583723232910521,-0.00146328506661125,0.924589250157706
0.0795991404337966,-0.00415860461319415,0.00442160460640311,0.920137859572996
0.0818978173907914,-0.00909538127737528,-0.00202663559434125,0.929224199480926
0.0854319855227836,-0.000798305015131464,0.00210213820240074,0.913264181289948
0.0808165243362827,-0.000786196023784542,-0.00883671832991129,0.928806390017414
0.0736554963593244,-0.00103373205521659,-0.00780652391837823,0.935184759614271
0.0744228239435131,-0.00337650093800404,-0.00651850011017526,0.935472177104667
0.0790645672012559,-0.0039027159089099,0.00322481751523216,0.921613331192423
0.0844073647489131,-7.28288949199136e-06,0.00293043782632712,0.912669480314253
0.0741582204087552,-0.000817076504737092,-0.000153911695873275,0.926812767791856
0.08248492611088,0.00352686550115956,0.00194394648513343,0.912044261902828
0.0789205899710822,0.00203928412890615,0.00411240595772212,0.91492771994229
0.0681003933791818,-0.00701540883173745,-0.00913626978188743,0.948051285234444
0.0847465027240094,-0.00261639869784509,0.00393021400306143,0.913939681970775
0.0687234164427158,0.00197123051484183,0.00393769685983433,0.925367656182609
0.0811349640404342,-0.0112182171999077,-0.00184980941110757,0.931933062570582
0.0724720879571975,0.00535308006913309,-0.00588147859684745,0.928056310570518
0.0792196416489424,0.00814410764283792,0.00311148744341,0.90952476326481
0.0796035956299926,-0.000796869455608113,-0.00767931144522973,0.928872585270846
0.0632541531030928,-0.00138671066414104,0.0033941224137445,0.934738435147304
0.0785011568090914,0.0077785998338128,0.0109222709908138,0.902797972366283
0.0737953471885928,0.0021360555705034,0.00392093536441154,0.920147661876493
0.0792725594155577,-0.00493206174217854,-0.00584275264757661,0.931502254974198
0.0755956350938115,-0.00125122680521839,0.0034225269132842,0.922233064798124
0.0732883505095673,0.00716562669551671,-0.000978392112434784,0.920524414907352
0.0675121250385262,0.00579630558210865,-0.00356726620411854,0.930258835583485
0.0775466871753764,-0.00477198010525748,0.0062866422975309,0.920938650632351
0.0829281675670984,0.00125769233280648,-0.00657448332374919,0.922388623423845
0.0800818127580792,0.0102960857115446,0.00576872598455117,0.903853375545826
0.0702229809894722,-0.00362525120420746,0.00129612432456146,0.932106145890175
0.0760053644986346,0.00171011620497069,-0.00205067499286177,0.924335194289257
0.0780115264951021,-0.00278864201834161,-0.00948558589935925,0.9342627014226
0.0737509694760664,-0.00989827986168769,0.00942415574672212,0.9267231546389
0.0761651919678377,0.00269364357324361,-0.00141057445673065,0.92255173891565
0.078520873004692,-0.0028870402692214,0.00148382629941601,0.922882340965114
0.0764758362326134,0.00301792451837561,0.0032859767626146,0.917220262486397
0.0707962583559843,-0.000502945668203945,-0.00312586639516429,0.932832553707385
0.07504919594753,0.00152913613987917,-0.00535721393129118,0.928778881843883
0.0836617266402496,0.000806539227367296,-0.0041648433096608,0.919696577442045
0.0737643231393365,-0.00615474251392836,-0.00510424134318702,0.93749466071778
0.078481608169219,-0.00854817625240043,-0.00731388733793154,0.937380455421114
0.0811073656542816,-0.000578189126041488,-0.000165546656145935,0.919636370127906
0.0704129553928888,0.00302718550070315,-0.00303216234965492,0.929592021456064
0.0776762953132015,0.00325931421460854,0.00164101708483592,0.917423373387355
0.0773388026883826,0.00101667497067886,0.00139350203201221,0.920251020308927
0.0711694503132091,0.00181532756204099,-0.00172935272721306,0.928744574851964
0.0829894507221518,-0.00323996389217713,-0.00627256811547364,0.9265230812855
0.0698945335483293,-0.00342917995080662,-0.00636649676995384,0.939901143172432
0.0758067419302307,-0.00134067352970312,0.00239200552364224,0.923141926075831
0.0742313043510597,-0.00609414363594,0.00459608476480108,0.92726675452008
0.0729724510071935,0.000437816784455897,0.00165376023627286,0.924935971972079
0.0746445751375926,-0.0055306455966974,-7.17509083275339e-05,0.930957821367433
0.0816302373397724,0.0064997073097076,0.00466394235955431,0.907206112990967
0.0752694154149134,-0.00405151529787906,0.00128467874811098,0.927497421134856
0.080854916353708,-0.00106276362803772,0.00585068951894155,0.914357157755389
0.0757801078482072,-0.00153938471279535,-0.00814146780166698,0.933900744666256
0.0831982391332088,-0.000176621448753384,0.00118847402994756,0.915789908285598
0.0826329238654027,0.00669955500420247,0.00352029370114059,0.907147227429255
0.0724704893261068,-0.00183751179927162,0.00290901808596435,0.926458004387201
0.0785549257926465,0.00331244190379887,-0.0015451315967702,0.919677763900326
0.0758910189278646,-0.00677041178559359,0.000322275817168705,0.930557117040561
0.0846050822286641,-0.00478237043501676,0.0088612372773507,0.911316050929003
0.081029346285121,-0.000279655664487611,-0.00488856593772419,0.924138875317092
0.0816613537943322,-0.00179234326437728,0.00359999619850745,0.916530993271539
0.0793969307997668,-0.00277337362799986,-0.00296582188095712,0.926342264709191
0.0879554368907959,-0.00388276335560011,0.000622377063678972,0.915304949401126
0.083678116603021,-0.00377475556877401,0.00621091883339982,0.913885720132354
0.08284203191791,0.00510564497429035,0.00183324277304565,0.910219080334755
0.0780736787636132,-0.00446656034367112,-0.000413468915152225,0.926806350495211
0.0737499791592491,-0.0123326995276389,0.00762229325468357,0.930960427113708
0.0798973547325029,-0.00853990348628434,-0.00258379925636283,0.931226348010145
0.0812406747255554,0.000350346977505975,-0.00281180558088388,0.921220783877824
0.0780703523592939,-0.00902732510904842,-0.00159990319114167,0.932556875940897
0.0760522363260734,-0.00264490108694093,0.00257558126703029,0.924017083493838
0.0750030999868737,0.00105752592209149,-0.00654891479625393,0.93048828888729
0.0850146888416538,0.00675275535090604,-0.000124906489001443,0.908357462296443
0.0705173021482474,0.000722071423879399,-0.00133088934006317,0.930091515767937
0.0770951332051867,-0.000938004685109314,0.00125005936878214,0.922592812111142
0.0842795760574266,0.0036496629031927,-0.0015461585001892,0.913616919539571
0.0689419789228863,0.00354939858618137,-0.00480441397913268,0.932313036470066
0.0783213306962804,-0.000320365129413746,0.00489618495121354,0.917102849481921
0.0752608856608942,-0.000216331175937005,-0.00109476352601058,0.926050209041055
0.0758153792314573,0.00542360718766551,0.00626930091786376,0.912491712663015
0.0811340123367048,-0.00368361737941022,0.00247886925981799,0.920070735782889
0.0843174007619647,0.00355481532475657,-0.00143516818761695,0.913562952100897
0.0780884478286541,-0.00422870599521882,-0.000627428649842456,0.926767686816408
0.0780601607973156,0.00185422083027268,-0.00132540513101345,0.921411023503426
0.0850549824201362,0.00406967582557292,-0.00379864077341679,0.914673982527709
0.0676321250849901,0.00312779569467526,9.83935456050613e-06,0.929230239865775
0.0814951334081109,-0.00433962470838207,-0.0012634284873788,0.924107919787651
0.0799350506325392,-0.00550862823584383,-0.000179741712167474,0.925753319315473
0.0805514153003655,-0.00175949232210507,0.00204577720941797,0.919162299812323
0.0844895037489745,-0.00481614869643803,0.00300179171498374,0.917324853232481
0.0839413151725494,-0.00701793785405417,0.00463619150807776,0.918440431173428
0.0760240066016239,-0.00705655976877045,0.00640753040423042,0.924625022762917
0.0744188475044394,-0.00304110833238234,-0.0041763799888471,0.932798640816791
0.0828590762355069,-0.00650685370031374,0.00606185800465981,0.917585919460148
0.0697001425653336,0.0046185503238088,0.000290401607038229,0.92539090550382
0.0727050369875075,0.00510596358630539,-0.000807462682027457,0.922996462108216
0.0689964445914175,-0.0102615989804972,-0.0109600152513622,0.952225169640443
0.081349109607953,-0.00550665086637564,0.00339560004815074,0.920761941210273
0.0750571340193935,0.0027507518545139,-0.00110774406461565,0.923299858190709
0.0818774778549996,-0.0062847432593619,0.00909270452206066,0.915314560882303
0.0851104993436989,0.00311663027916415,0.000303072140248352,0.91146979823689
0.0796851582485638,0.00893575399207265,0.00144408123888292,0.909935006520482
0.076262914080541,0.00853987401666139,-0.00722236823491667,0.922419580137715
0.0800874983905606,0.00471240265479861,0.00145981902550534,0.913740279929136
0.0740266864215016,-0.00221537909326829,0.000129738026679763,0.928058954645088
0.0722421565520227,0.0059763735989954,0.00951525994827146,0.912266209900711
0.0773135374591924,-0.00219291449859667,-0.000154238801127988,0.925033615840533
0.0901667575872916,-0.000501514522324832,0.0029258876874591,0.907408869247575
0.0775824353526505,0.00574742867783122,0.000313371172739264,0.91635676479678
0.0811258775538599,-0.00207120193831504,-0.00529336926000666,0.926238693644463
0.0766650977450816,0.00341927143038712,-0.00669199843452345,0.926607629259056
0.0767853992946967,0.000654721825997566,-0.00945600849957953,0.932015887378887
0.0791782600486671,-0.004833647769024,0.00294267822289776,0.92271270949746
0.0750797480255615,-0.00609025704127418,-0.00256010690809819,0.933570615923812
0.0814594677216162,-0.00466133788807494,-0.00854277183432516,0.931744642000785
0.0810086982300492,-0.00118070633564711,-0.00269163618504466,0.922863644290644
0.0833491219677739,-0.00507936734147214,0.00369499161765275,0.918035253756047
0.0722239732269717,-0.00324457968044389,-0.0112300759790451,0.942250682432519
0.0773393488688045,0.00382440700291929,0.00577811684213576,0.913058127286142
0.0854810724975852,0.00350036195977164,0.00344685144640615,0.907571714096238
0.0812156480411054,0.00070185617581849,0.00443369580329783,0.91364879997978
0.0766033410744691,-0.00757865705028227,-0.00415024961030207,0.935125565586117
0.0837111719250086,0.00165155702315177,0.000155515967260635,0.91448175508458
0.077679002385403,0.00353487679867041,-0.00481739099837527,0.923603511814303
0.0860608192667838,0.00398000673188518,-0.00402990698088205,0.913989080982215
0.077007036209087,0.00720176815548739,0.00418492832346229,0.911606267311965
0.0745181812338752,-0.00132921201137283,0.00446692032129431,0.922344110456205
0.0778698471827129,0.00520942563267265,0.0105810518363768,0.906339675348239
0.0869513026741152,-0.00233858767209763,0.00408535550362369,0.91130192949436
0.0830924093332041,0.00236010561151978,-0.00711831631297258,0.92166580136825
0.0838683892278363,0.000134522157433947,0.00164924962997862,0.914347838984753
0.078853238368182,-0.00184476955344319,0.000954192813783924,0.922037338371479
0.0740331746799046,-0.00697259673502187,-0.00478744580243667,0.937726867857556
0.0818956216338941,-0.000917429697805728,0.00434457705211558,0.914677231011798
0.0779400386171199,-0.00466561263955512,-0.00263835222023727,0.929363926242674
0.0684536615896415,-0.005689110254183,-0.00186337312090928,0.939098821785452
0.0745594090229145,0.00274296118565853,-0.00515292915631443,0.927850558947743
0.077791282476156,0.0031039997930704,-0.00494214994809333,0.924046867678868
0.077797422893601,0.00449223801947788,-0.000626448170896251,0.918336787257819
0.0802030821898723,0.000244989800852698,0.00601530570702642,0.91353662230225
0.0793420264590646,-0.00297468994697098,0.00412396715841824,0.91950869632949
0.0817215368633434,-0.000818175610734634,0.00601721346022864,0.913079425287164
0.0821184346220929,0.00905335011951624,0.000211298038751265,0.908616917219641
0.0863320284611708,-0.000930792947949945,-0.00444412823195832,0.919042892718739
0.0763482600169667,0.0102322154201707,-0.00698819424783452,0.920407718810698
0.0733899966734676,-0.00794050736179375,-0.00495716535206387,0.939507676040391
0.0725838732749632,-0.00228062565137997,-0.00474418776322484,0.934440940139643
0.0753596434460979,-0.0093190116084719,0.00803843259475344,0.925920935567622
0.0764090980990296,-0.0081770462219701,0.0100541203380225,0.921713827784919
0.0853964732181926,0.00100690891956604,0.00366245225318908,0.909934165609053
0.0810481481695974,0.00165796314066463,0.00186525673553544,0.915428631954204
0.0795750938001779,-0.00173113889485411,0.000316885428459091,0.921839159666218
0.0789759662866862,0.00652729314153891,-0.00560130437407176,0.920098044945848
0.0806177716553372,-0.00862857150075384,-0.000157162390741837,0.92816796223616
0.0839392113795994,-0.00125221191846758,0.00108255121618315,0.916230449322686
0.0810183436295638,-0.00399630306604058,-0.00231606475402795,0.925294024190506
0.094015118308984,0.00275400039317044,-0.00163899747470039,0.904869878772547
0.0770970053898234,-0.000660918410114024,-0.00391038340124627,0.927474296421538
0.0905005283592917,-0.00473430848299986,0.00017858895142725,0.914055191172282
0.082305941626829,-0.00183165368657356,-0.00132022110877223,0.920845933168518
0.0863777090402527,-0.00431914006625393,-0.00326483667648085,0.921206267702483
0.0817147678003218,-0.00352288834751812,-0.00137750399236148,0.923185624539559
0.0801485467953962,-0.00327136314654297,-0.00352696086177787,0.926649777212926
0.0723376139130636,-0.000413136146558475,0.00904548587288203,0.919030036360614
0.0844869882878208,-0.00276626979303825,0.000297530723902059,0.917981750781316
0.0887276823568283,-0.00345778301110664,-0.00383141855677913,0.918561519211058
0.0864924818036528,0.00486183822556491,-0.00806356983376243,0.916709249804546
0.0769314101574742,-0.00232121598313436,0.00797202073631114,0.91741778508935
0.0846530480246111,-0.00627555329593333,0.00867102688645396,0.912951478384869
0.0832840740280194,0.00233061502833736,-0.003799691604725,0.918185002548369
0.0847956577035564,-0.00362520054586787,0.00570487109064475,0.913124671751668
0.0864484332504053,-0.00435391495537527,0.00237373743357936,0.915531744271392
0.086444863242662,0.00380378764049829,-0.00450676073403919,0.91425810985088
0.0781985929843083,-0.00943808184434239,-0.00844957100480014,0.939689059864835
0.0840472425578751,-0.00211747172932481,0.00803693289611756,0.910033296275333
0.0852787750179696,-0.00424056160250033,-0.0021960735711311,0.921157860155663
0.0850004177379606,-0.0125231926787776,-0.00960525290847475,0.937128027849293
0.0746240738197295,0.00708276854978833,0.00806265161269574,0.910230506017788
0.0822219336709928,-0.00822825293867241,-7.8932557520741e-05,0.926085251825202
0.0849707616269184,-0.00220969361770134,0.00771818749369692,0.909520744497087
0.0786116852952381,0.0104227851058369,-0.00149092340747736,0.912456453006404
0.0832294864823499,0.00371512227376276,0.000249770435598642,0.91280562080829
0.0835067659845789,-0.00340661227715663,0.00227409288926359,0.917625753403315
0.0776483940011376,0.00407153464227158,0.00132430446383428,0.916955766892758
0.081678291465113,-0.00314108509789619,-0.000420529792811941,0.921883323425596
0.0817816800912807,-0.00545548179814883,0.00618845790872174,0.917485343798148
0.087547936643303,-0.0119972492463081,0.00505497280144352,0.919394339801563
0.0804784959859222,0.00263538142831019,0.00226885507588744,0.914617267509881
0.0810235557691144,-0.00700003999212892,-0.00397191941054077,0.929948403633557
0.0813402266604143,-0.00745366951486607,0.000905074414511318,0.925208368439942
0.089657006314576,0.0130222386844502,-0.000914505533411433,0.898235260534387
0.0923122075730301,-0.000614518682895678,0.0028944124935748,0.905407898616292
0.0869120562201428,0.00514794648897222,0.00566462750373121,0.902275369787155
0.0806654713184032,0.00658783102248255,0.000127877480998669,0.912618820178117
0.0777534927897828,0.00168067045611385,-0.00376214162160104,0.924327978375706
0.080637123977964,-0.00113104180726245,0.0035095270016786,0.916984390827621
0.0785613021889916,-0.00372547798698248,-0.0046493096933727,0.929813485491365
0.0835243333113028,-0.00917439528254773,0.00632141540203028,0.919328646569216
0.0834238125372594,-0.00281383450546111,0.00244434490996063,0.916945677058243
0.0813484762967227,0.000113190775555441,0.0042925672302622,0.914245765697461
0.073317389075127,0.00701296737989588,0.00376292167347388,0.915906721871505
0.0911295786600699,0.00399153841887191,-0.00502402800630599,0.909902910927366
0.0807845787759789,0.00194337958975193,0.0024719821967529,0.914800059437518
0.0946754893738444,0.0033120874880774,-0.00123994984938873,0.903252372987468
0.0860135040273568,-0.00169648757832672,-0.0070511401430001,0.922734123693972
0.0823599691093597,-0.00348701563736491,0.00363211529662416,0.917494931231383
0.0831514698368248,-0.00417022846221633,-0.00541646997004718,0.92643522859544
0.0774753025803576,0.000486842047058057,-0.00415735923055146,0.926195214603137
0.0885449375572204,0.00516083348359335,-0.00369768835744039,0.909991917316628
0.0847681236066134,0.00497965544428411,0.000513219412150612,0.909739001536954
0.0758364531817184,0.00827820489110487,0.00198924453750352,0.913896097389675
0.0779890717735129,0.0078885415320983,0.00376232246774192,0.910360064226649
0.0743846336361146,-0.00170035235896334,-0.00750910656400497,0.934824825286856
0.088715642782042,0.000367484527382718,-0.00314755329852727,0.914064425989104
0.0902334044018325,-0.00564076543954433,0.0048563087166442,0.91055105232107
0.0844464604971697,0.000545220307747403,0.00233079524597205,0.912677523949113
0.0879408824714044,0.00106893973514433,-0.0014683580649425,0.912458535858396
0.0842319065121028,-0.00173999769582723,-0.00124139284089454,0.918749484024621
0.0816366694366488,-0.00702324988719638,0.00392772894140637,0.921458851509143
0.088096184445359,-0.00333599081964321,-0.00546854803725407,0.92070835441154
0.0901016622228616,-0.00432365024277458,-0.000496895505536269,0.914718883525451
0.0765627335679086,0.00540192581146661,0.00131689305394042,0.916718447566686
0.0808518560612019,-0.00345538491075984,-0.00288207918588225,0.925485608035442
0.0884349193949945,0.00396074346095548,-0.0081922050543564,0.915796542198408
0.0683394368257766,0.00365781761368522,0.0129274349185162,0.915075310642024
0.0809089736674279,0.00430009308756116,0.00048776816652473,0.914303165078488
0.0751235401866624,0.0034461664916566,-0.0035001972898609,0.924930490611544
0.0702784838928266,-0.00787510990236873,0.00371402274542716,0.933882603264117
0.080492012024506,-0.0069793804551746,0.00290225313892722,0.923585115291743
0.0851497109626729,0.00360702479431345,0.00336403361659664,0.907879230626419
0.0814922365671844,0.0016327839613784,-0.000106270392559382,0.916981249863998
0.0882808711902089,0.00128557753615031,-0.0113528550907014,0.921786406364344
0.0900771287069762,-0.0046624980865416,-0.000959437735378428,0.915544807114946
0.0873482274120226,-0.00403935607983889,0.00843406748189814,0.90825706118592
0.0879129423813596,0.00318709383033708,0.00223245406400941,0.906667509724296
0.087393171811424,0.00557130707874533,0.00251846795775686,0.904517053152076
0.0831487284098722,0.00788001292670158,-0.00128694596850488,0.910258204631933
0.0884223789680932,-0.000668286421168531,0.0012210473336319,0.911024860119445
0.0808128743291565,-0.000699229888780197,0.00550276720639692,0.914383588353229
0.0859811030503583,0.00369104682655592,0.000279226942049481,0.910048623181038
0.0823169470690898,0.00602140066595814,-0.00477656626706674,0.916438218532021
0.0789143266147562,0.00355000455008775,-0.00631621767857303,0.923851886513731
0.0813238830147861,0.00621850809357342,-0.00190238362754639,0.914359992519189
0.082186094865276,0.00315348606199146,0.00343203871493532,0.911228380357799
0.0736970390716547,0.00741221487325115,0.000191866423798226,0.918698879631298
0.0932948145697271,-0.00189765497480323,0.0120715142947986,0.896531326110279
0.0801820452375894,0.00313448562178599,-0.00724180552086797,0.923925274661494
0.0883426372296763,0.00583696610466908,0.00403283298149392,0.901787563684163
0.0867625542516842,0.00102462667351254,-0.00495655831676648,0.917169377391572
0.0889057053163507,-0.00235680205309899,-0.00776807213796593,0.921219168874716
0.0905706782449851,-0.00327764403743685,-0.00107820914923125,0.913785174941685
0.0845984901273312,-0.00505948304618801,0.0133537353518902,0.907107257566968
0.0760804160976389,0.00359399682466095,0.00049588883205318,0.919829698245649
0.0813786792463427,-0.00861845250239009,0.000348659156753536,0.926891114099296
0.0830021001806759,0.00261687487932362,-0.00123987320292419,0.915620898142927
0.083588761824163,-0.00105176021411675,0.00323032893730663,0.914232669452649
0.081878555857898,-0.00302576134951566,0.00290009822656519,0.918247107265054
0.0816250555968875,-0.00602044331306309,-0.00283281688973352,0.927228204605911
0.0862170168511621,-0.000597734897419999,-0.0041334060951298,0.91851412414139
0.0825211155476503,0.00114003709707566,-0.000365632219512504,0.916704479574789
0.0857032534328489,-0.00187959431410025,-0.00734157410982345,0.923517914991077
0.0792083147139667,0.00671451482255662,-0.00293034982413556,0.917007520287614
0.0855631546221355,-0.00555989593994416,0.00430852888245009,0.91568821243536
0.0860696174602291,0.0147530571799782,0.0010298917730601,0.898147433586735
0.0875113964807743,-0.00519661709477275,0.00730522679701947,0.910379993816981
0.0896760805223776,-0.00692230064074002,0.0116877312457663,0.905558488872598
0.081676498748081,-0.00612510451456753,-0.00338308938133851,0.927831695147827
0.0892018739476318,-0.00762230957186929,-0.00305067981826173,0.921471115442501
0.0868539627987286,-0.000773875086143253,0.00186875058611933,0.912051161701297
0.0816336491118347,0.0108546884915627,-0.00298464478259482,0.910496307179199
0.0918930920235435,-0.00785964970169538,-0.00375415483563676,0.919720712513791
0.0908580546849656,0.00290895034812683,-0.00737080840935564,0.913603803376265
0.0771161421760313,0.0057070736809123,-0.00522511432425542,0.922401898467314
0.0851069142238324,-0.000331141752438868,0.00569337143698638,0.909530856091622
0.0882003898550636,-0.00778701861170697,0.00327726039474174,0.916309368361904
0.0825895318919432,-0.00547949285572024,-0.00234851585437349,0.925238476818152
0.0848341737463871,-0.00318719334661986,-0.00598046518558932,0.924333484785824
0.0777770850771139,0.00137436152757633,-0.00409717590405263,0.924945729299364
0.0811634344264042,-0.00986345662234647,0.00100097926528536,0.927699042930659
0.0810259897151805,0.00618889435258163,0.00748522750054573,0.905299888431694
0.0888139956812973,0.00132570576255122,0.00116449459767756,0.908695803958476
0.0852575754535301,0.00456153720964282,0.0133736641602279,0.896807223176601
0.083774016209559,-0.00416792340990775,-0.00169844974714537,0.922092356947496
0.0895463995431004,-0.0063046424401474,-0.00422430605344888,0.920982548950498
0.0758093930663974,-0.000664934596108408,0.000909855527505008,0.923945686002208
0.0815950325622628,0.00474412599805197,0.00351392779826655,0.910146913641421
0.0813976410541204,0.00259826910488577,-0.00522778042582333,0.921231870266819
0.0808284565032465,-0.00158913464641215,0.007028297653385,0.913732380489783
0.0883761284566178,-0.00813211071060629,0.00432072680295236,0.915435255451038
0.0803594932429662,-0.00639668929024913,0.00151936295677041,0.924517833090514
0.0866119818240907,0.00379370619312933,0.00367512043095684,0.905919191551825
0.0911014939011026,-0.0105035969325477,-0.0132067450860589,0.932608848117506
0.086994730553323,0.00961723452012182,-0.00878146495175727,0.912169499878314
0.0895224910775028,-0.0021827374090136,0.00288759059853922,0.909772655732973
0.0849851208874437,-0.0106297959337898,-0.012470166761879,0.938114841808227
0.0864314141785901,-0.00607474702443994,-0.00227874644343706,0.921922079289288
0.0844283165593401,-0.00573658007965228,0.00370015951749278,0.917608104002821
0.0819134463151695,0.00132637115326076,-0.000881926318799988,0.917642108850371
0.082976491451801,0.00154659312694845,0.00331763660136883,0.912159278819883
0.0817517491159735,-0.00765407471409416,0.00442758020263461,0.921474745395488
0.0879441747390154,-0.00152652363922679,0.00595227046920358,0.907630078431009
0.0859882218936277,-0.00147802278635876,0.00130048215370533,0.914189318739027
0.0897548407641715,-0.000754630050558856,0.00536711395941772,0.905632675326971
0.0850701929420506,-0.00672912317778439,0.00187332899758639,0.919785601238149
0.0904105094031712,0.00122233982974937,-0.00272205124988495,0.911089202016966
0.0858021169606681,-0.00921461980025685,-0.000795426708656985,0.924207929548247
0.0913425062248524,0.0048456537533348,-0.00283808589031679,0.906649925912131
0.0893311855043368,-0.00383497628100812,-0.00369094588695692,0.91819473666363
0.08122212654776,0.00109791767171529,0.00441940163237796,0.913260554148148
0.0872582494635202,-0.00336470155101122,-0.0048768013723587,0.920983253459851
0.0849750172789706,-0.00731479066480788,-0.00234060184412189,0.924680375229961
0.0809278479475991,-0.00368609747778393,0.00453656613495926,0.918221683395227
0.0883666046668831,0.00684570303574609,0.00141089804585239,0.90337679425152
0.0844974366608494,0.000726919599364207,0.00238274970477893,0.912392894035009
0.0830030065464542,-0.00323390376698297,-0.000900532648540676,0.921131429869071
0.0908046624589307,-0.00547410311720715,-0.00565424971404614,0.920323690372324
0.0905656007848554,-0.0057014793941225,0.00806057502969907,0.907075303579569
0.0827743346529473,0.0076437485085466,0.000386395725986604,0.909195521112521
0.0871910470104268,-0.00457177758349273,0.00243805404072103,0.914942676532346
0.0895508125799879,0.0101857088972824,0.00229917891250054,0.89796429961023
0.0833130859363911,0.00795957394761269,0.000982253840786357,0.907745086275211
0.086675344228627,0.00192544494270941,-0.00146895103587036,0.912868161864536
0.0819321696135199,-0.0015281801712865,-0.000614630340191658,0.92021064089796
0.0911086634704722,0.00461075838305689,-0.000946157169340373,0.905226735315813
0.0817106520717001,-0.00561546879732171,0.000124480622310373,0.923780336103313
0.0796078464831395,0.00539220705664785,-0.00445336992288124,0.919453316383095
0.0864286924148073,0.00022687238378169,0.00172541459673757,0.911619020604675
0.0889765991280108,-0.00889357782423292,0.0051392502414755,0.914777728454748
0.0950899579997653,0.0042393091296552,0.0024115794121789,0.898259153458402
0.0874705059823954,-0.00116242182914966,-0.00280908471294389,0.9165010005597
0.0822198593090317,-0.000777405466819304,-0.00372933049933879,0.922286876657128
0.086627707965176,0.00519210801356316,0.00292398973404178,0.905256194287221
0.0929101770124358,0.000266715594711485,-0.000813126811113734,0.907636234203968
0.0873766571081867,0.00626164793735344,0.000561892775750326,0.905799802178711
0.0814699089544079,-0.000550710314499321,-0.000379504706233337,0.919460306066326
0.0934043492161864,-0.00798888665456063,0.00407078031052703,0.910513757127849
0.0837748572259309,0.0056460056661373,-0.000595881501008874,0.911175018608942
0.087662736004414,0.00367987732092476,0.00427146189714374,0.904385924777519
0.0843370051079163,-0.00251670334190588,0.00770021507430428,0.910479483159687
0.0858577110136464,0.00395330836140565,-0.000796045018882381,0.910985025643832
0.0875005129545315,0.00117118287564231,-0.00153044643190861,0.912858750601736
0.0849085393594054,0.00234336134607739,0.00438253296170941,0.90836556633281
0.0818623402552081,-0.00312226712580388,-0.00352371913934141,0.924783646009939
0.0815823755844636,0.000214098146426879,0.0041462161504658,0.914057310118646
0.0843403018866113,-0.0068330721960229,-0.00388109983553124,0.926373870144945
0.0861430720119513,0.00443240081260636,-0.00277595298159986,0.912200480157044
0.0848549591058224,-0.00195510056840934,-0.000415229075249683,0.917515370537838
0.0851094391346934,0.00137982772416779,-0.00379564695507771,0.917306380096218
0.0775639642681626,0.00554080050324947,0.00164568153720821,0.915249553691382
0.0863016705409159,0.00490317181832471,-0.00254982706303649,0.911344984703798
0.0921073607210736,-0.00310542845610152,0.00116057439074436,0.909837493344285
0.0877464195372651,0.000880887120060432,-0.000936820132807303,0.912309513475484
0.08591853621894,0.000977322772495192,-0.00303453434906347,0.91613867535763
0.0929868164781682,-0.00472149782428958,0.00605424368551601,0.905680437660607
0.0793717449999512,0.000601671369223558,-0.00311360369950871,0.923140187330336
0.0881690019369986,-0.00454994388451582,-0.00479693637248879,0.921177878320008
0.0784199714531439,-0.00450960543997182,-0.00282746524671681,0.928917099233547
0.080461249005572,0.00243733319739025,-0.00559756200303211,0.922698979800072
0.0918117562079303,-0.00284165481500453,0.00585062276985776,0.905179275837218
0.0915375255940684,-0.00224155361236528,-0.00622116558759269,0.916925193605891
0.0894811017325872,-0.0108154111885639,0.00489281429465862,0.91644149516132
0.0895561641096961,-0.000151490537372108,-0.00353371749223644,0.914129043919914
0.0910194552984007,0.00504659790614174,0.00214512782054309,0.901788818974916
0.0825908143927942,-0.0116068646009474,0.00149156507855687,0.927524485129598
0.0893128243530602,-0.00829487174103614,-0.00173166611657168,0.920713713504549
0.089119100592109,0.00749990850378558,-0.00587585283362903,0.909256843737736
0.0888616528077392,-0.00950743877239409,-0.0116093651553279,0.932255151119984
0.0836055678206958,0.00447193120617517,-0.000728409889742616,0.912650910862873
0.0864280700714703,0.00271796969829991,-0.00355427970347462,0.914408239933706
0.0923089805413927,-0.0101643806121596,0.00614432787498608,0.911711072195783
0.0850081638970973,-0.0047256667670329,0.00357088638565756,0.91614661648428
0.0841375962696942,0.00782400473025373,0.00684965442049807,0.901188744579556
0.0890992795301032,0.00437298107924857,0.00273615210228181,0.903791587288368
0.0949086558066312,-0.0107169042097448,-0.0055802667152371,0.921388515118352
0.078242689031612,0.0012674353722411,0.00883909466243739,0.911650780933711
